Index,offset,difference
0,0.1421,0.1438901424407959
1,0.1311,0.7383391857147217
2,0.1308,0.05464673042297363
3,0.1342,0.061163902282714844
4,0.1380,0.050080060958862305
5,0.1443,0.04455900192260742
6,0.1492,0.04477119445800781
7,0.1467,0.045538902282714844
8,0.1489,0.04260396957397461
9,0.1520,0.059721946716308594
10,0.1479,0.04231405258178711
11,0.1516,0.042610883712768555
12,0.1412,0.04210710525512695
13,0.1419,0.04165315628051758
14,0.1513,0.04319882392883301
15,0.1573,0.04210615158081055
16,0.1577,0.04603981971740723
17,0.1564,0.0431981086730957
18,0.1552,0.042768001556396484
19,0.1548,0.04198503494262695
20,0.1566,0.04246878623962402
21,0.1515,0.04198098182678223
22,0.1459,0.04387402534484863
23,0.1489,0.04276585578918457
24,0.1455,0.04434776306152344
25,0.1432,0.04219388961791992
26,0.1408,0.04385113716125488
27,0.1538,0.042307138442993164
28,0.1584,0.04349112510681152
29,0.1607,0.042205095291137695
30,0.1534,0.04528212547302246
31,0.1499,0.04202604293823242
32,0.1385,0.043257951736450195
33,0.1302,0.04304909706115723
34,0.1447,0.04207301139831543
35,0.1558,0.04264402389526367
36,0.1502,0.04217123985290527
37,0.1505,0.04309391975402832
38,0.1469,0.04175877571105957
39,0.1489,0.042938947677612305
40,0.1549,0.0426938533782959
41,0.1581,0.041922807693481445
42,0.1533,0.044158935546875
43,0.1570,0.04205894470214844
44,0.1653,0.042429208755493164
45,0.1773,0.042633056640625
46,0.1751,0.04381418228149414
47,0.1811,0.044862985610961914
48,0.1714,0.043565988540649414
49,0.1629,0.04453396797180176
50,0.1589,0.04288125038146973
51,0.1620,0.04255485534667969
52,0.1593,0.04349112510681152
53,0.1464,0.042356252670288086
54,0.1324,0.04323720932006836
55,0.1145,0.04516100883483887
56,0.1028,0.0434269905090332
57,0.0998,0.04271721839904785
58,0.0989,0.04242205619812012
59,0.1017,0.04423809051513672
60,0.1087,0.04333686828613281
61,0.1105,0.04244804382324219
62,0.1093,0.0434420108795166
63,0.1082,0.04329180717468262
64,0.1071,0.04372096061706543
65,0.0909,0.04730701446533203
66,0.0914,0.045324087142944336
67,0.0933,0.04396319389343262
68,0.0976,0.04515480995178223
69,0.0969,0.04505133628845215
70,0.0915,0.04526400566101074
71,0.0956,0.04590797424316406
72,0.1001,0.04543590545654297
73,0.1071,0.04594588279724121
74,0.1108,0.04436469078063965
75,0.1152,0.04357767105102539
76,0.1236,0.04445171356201172
77,0.1317,0.04308199882507324
78,0.1395,0.04367208480834961
79,0.1457,0.04397106170654297
80,0.1469,0.043770790100097656
81,0.1525,0.043025970458984375
82,0.1590,0.04292917251586914
83,0.1618,0.04429888725280762
84,0.1637,0.04362297058105469
85,0.1510,0.04346799850463867
86,0.1546,0.04278922080993652
87,0.1403,0.04375600814819336
88,0.1296,0.044798851013183594
89,0.1293,0.04308509826660156
90,0.1320,0.04354405403137207
91,0.1263,0.0438840389251709
92,0.1213,0.04348611831665039
93,0.1209,0.04355192184448242
94,0.1291,0.044148921966552734
95,0.1281,0.04358816146850586
96,0.1339,0.0445399284362793
97,0.1342,0.047518253326416016
98,0.1412,0.0438079833984375
99,0.1363,0.04491901397705078
100,0.1420,0.044097900390625
101,0.1417,0.0440058708190918
102,0.1410,0.04391312599182129
103,0.1340,0.04432988166809082
104,0.1320,0.04613995552062988
105,0.1283,0.046221017837524414
106,0.1251,0.0453488826751709
107,0.1148,0.04389786720275879
108,0.1163,0.04653334617614746
109,0.1224,0.04635286331176758
110,0.1290,0.04399394989013672
111,0.1243,0.044133901596069336
112,0.1157,0.044712066650390625
113,0.1096,0.047122955322265625
114,0.1094,0.04377484321594238
115,0.1082,0.045465707778930664
116,0.1116,0.046357154846191406
117,0.1031,0.045558929443359375
118,0.0985,0.04618024826049805
119,0.0975,0.04459714889526367
120,0.0857,0.04532885551452637
121,0.0720,0.047179222106933594
122,0.0607,0.045536041259765625
123,0.0457,0.044960975646972656
124,0.0280,0.04599499702453613
125,0.0186,0.04586291313171387
126,0.0017,0.045387983322143555
127,0.0036,0.0462651252746582
128,0.0079,0.04563617706298828
129,0.0079,0.04596710205078125
130,0.0089,0.04697704315185547
131,0.0143,0.046788930892944336
132,0.0311,0.04674577713012695
133,0.0478,0.047224998474121094
134,0.0551,0.04628396034240723
135,0.0548,0.04674410820007324
136,0.0577,0.04715418815612793
137,0.0538,0.04742026329040527
138,0.0480,0.05004692077636719
139,0.0482,0.049226999282836914
140,0.0516,0.048081159591674805
141,0.0511,0.04866790771484375
142,0.0501,0.04816579818725586
143,0.0561,0.048605918884277344
144,0.0421,0.04765915870666504
145,0.0438,0.04731106758117676
146,0.0335,0.048951148986816406
147,0.0212,0.048597097396850586
148,0.0154,0.04885697364807129
149,0.0185,0.04746580123901367
150,0.0002,0.047204017639160156
151,0.0101,0.04835200309753418
152,0.0000,0.04716205596923828
153,0.0070,0.04840803146362305
154,0.0246,0.048951148986816406
155,0.0184,0.04880785942077637
156,0.0046,0.04882502555847168
157,0.0056,0.048252105712890625
158,0.0076,0.04879879951477051
159,0.0091,0.04863405227661133
160,0.0001,0.05024909973144531
161,0.0010,0.04882192611694336
162,0.0030,0.04892396926879883
163,0.0152,0.04839515686035156
164,0.0186,0.04878377914428711
165,0.0126,0.049134016036987305
166,0.0157,0.04806804656982422
167,0.0234,0.0489048957824707
168,0.0258,0.04804873466491699
169,0.0426,0.04859185218811035
170,0.0626,0.04845690727233887
171,0.0713,0.04803895950317383
172,0.0757,0.049139976501464844
173,0.0807,0.04780220985412598
174,0.0683,0.04792594909667969
175,0.0700,0.04847407341003418
176,0.0731,0.048181772232055664
177,0.0892,0.04844474792480469
178,0.0965,0.047731876373291016
179,0.1083,0.04937314987182617
180,0.0883,0.04843330383300781
181,0.0905,0.048676252365112305
182,0.1096,0.04816079139709473
183,0.1189,0.04877591133117676
184,0.1322,0.04870104789733887
185,0.1521,0.049070119857788086
186,0.1600,0.04900932312011719
187,0.1614,0.04987692832946777
188,0.1730,0.04999184608459473
189,0.1968,0.04936504364013672
190,0.2003,0.04925179481506348
191,0.2264,0.04918074607849121
192,0.2518,0.04908609390258789
193,0.2636,0.05064797401428223
194,0.2570,0.05017995834350586
195,0.2409,0.05056905746459961
196,0.2228,0.050688743591308594
197,0.2160,0.05258512496948242
198,0.1959,0.05077195167541504
199,0.1928,0.0508270263671875
200,0.1769,0.05259108543395996
201,0.1572,0.05103468894958496
202,0.1300,0.05194497108459473
203,0.1138,0.052336931228637695
204,0.0836,0.052243947982788086
205,0.0844,0.055090904235839844
206,0.0340,0.05241107940673828
207,0.0075,0.0533750057220459
208,0.0476,0.05313420295715332
209,0.1144,0.05243396759033203
210,0.2243,0.05312705039978027
211,0.4932,0.0530698299407959
212,0.9587,0.053179025650024414
213,1.2797,0.054177045822143555
214,1.3958,0.054241180419921875
215,1.4326,0.05365896224975586
216,1.4635,0.05546092987060547
217,1.4686,0.05385875701904297
218,1.5013,0.05386805534362793
219,1.5070,0.05446004867553711
220,1.5253,0.05432009696960449
221,1.5148,0.05568122863769531
222,1.5079,0.05488109588623047
223,1.5096,0.05571413040161133
224,1.5267,0.054910898208618164
225,1.5205,0.05670595169067383
226,1.5483,0.055138587951660156
227,1.5651,0.056054115295410156
228,1.5607,0.055612802505493164
229,1.5414,0.055265188217163086
230,1.5335,0.055040836334228516
231,1.5339,0.05655384063720703
232,1.5459,0.05548596382141113
233,1.5335,0.05539679527282715
234,1.5467,0.055665016174316406
235,1.5558,0.05691719055175781
236,1.5676,0.05785179138183594
237,1.5453,0.05852079391479492
238,1.5669,0.058357954025268555
239,1.5863,0.057520151138305664
240,1.5804,0.05788278579711914
241,1.5721,0.05869603157043457
242,1.5759,0.05709218978881836
243,1.5569,0.0577847957611084
244,1.5551,0.05847883224487305
245,1.5572,0.05850529670715332
246,1.5837,0.05785226821899414
247,1.5926,0.06029915809631348
248,1.5737,0.059123992919921875
249,1.5423,0.05886530876159668
250,1.5477,0.05869793891906738
251,1.5431,0.05914187431335449
252,1.5347,0.06178689002990723
253,1.5433,0.059857845306396484
254,1.5620,0.05861401557922363
255,1.5542,0.059342145919799805
256,1.5539,0.059342145919799805
257,1.5657,0.0597841739654541
258,1.6029,0.06029820442199707
259,1.6146,0.05956244468688965
260,1.5922,0.0590970516204834
261,1.5941,0.059728145599365234
262,1.5796,0.05955934524536133
263,1.5441,0.059967041015625
264,1.5310,0.05957293510437012
265,1.5206,0.059617042541503906
266,1.5578,0.05933809280395508
267,1.5607,0.061582088470458984
268,1.5573,0.06003212928771973
269,1.5164,0.05935096740722656
270,1.5507,0.05841517448425293
271,1.5570,0.059889793395996094
272,1.5585,0.05934619903564453
273,1.5472,0.05943703651428223
274,1.5293,0.058197021484375
275,1.5581,0.05762910842895508
276,1.5686,0.05815410614013672
277,1.5915,0.05877399444580078
278,1.5701,0.05781388282775879
279,1.5066,0.05718088150024414
280,1.3671,0.05931997299194336
281,1.2785,0.053025007247924805
282,0.9716,0.058098793029785156
283,0.7886,0.05941915512084961
284,0.6318,0.05758810043334961
285,0.5302,0.05767989158630371
286,0.5166,0.05746936798095703
287,0.5189,0.058026790618896484
288,0.4947,0.057518959045410156
289,0.4173,0.048014163970947266
290,0.3493,0.05639910697937012
291,0.3032,0.056967973709106445
292,0.2610,0.05956673622131348
293,0.2051,0.05668902397155762
294,0.1647,0.05416393280029297
295,0.1007,0.05528092384338379
296,0.0614,0.05526304244995117
297,0.0298,0.05556082725524902
298,0.1147,0.0520172119140625
299,0.1531,0.052980899810791016
300,0.2013,0.05192399024963379
301,0.2162,0.05137491226196289
302,0.1675,0.04959988594055176
303,0.1103,0.0498809814453125
304,0.0406,0.05059313774108887
305,0.0846,0.04545307159423828
306,0.1449,0.044284820556640625
307,0.1495,0.04359865188598633
308,0.1046,0.04507279396057129
309,0.0738,0.03959822654724121
310,0.0254,0.04038882255554199
311,0.0374,0.04089999198913574
312,0.0537,0.04077005386352539
313,0.1213,0.039298057556152344
314,0.2352,0.03936409950256348
315,0.3318,0.039608001708984375
316,0.3979,0.03913307189941406
317,0.2339,0.039114952087402344
318,0.1300,0.03949904441833496
319,0.1191,0.03941202163696289
320,0.0714,0.039048194885253906
321,0.1083,0.043656349182128906
322,0.0844,0.04570579528808594
323,0.0676,0.04649090766906738
324,0.0143,0.047863006591796875
325,0.0156,0.04100203514099121
326,0.0598,0.041101932525634766
327,0.1736,0.04137110710144043
328,0.2461,0.0429997444152832
329,0.2370,0.042443037033081055
330,0.0910,0.0436100959777832
331,0.2735,0.04519081115722656
332,0.8481,0.044206857681274414
333,0.9864,0.0458831787109375
334,0.8733,0.045165061950683594
335,0.7557,0.0452120304107666
336,0.6305,0.04643988609313965
337,0.4925,0.047451019287109375
338,0.3780,0.04688692092895508
339,0.2798,0.04747891426086426
340,0.2219,0.04845905303955078
341,0.1964,0.04696202278137207
342,0.1141,0.04709792137145996
343,0.0362,0.04672694206237793
344,0.0156,0.04746699333190918
345,0.0022,0.04766273498535156
346,0.0064,0.04749798774719238
347,0.0098,0.04808497428894043
348,0.0159,0.047258853912353516
349,0.0235,0.04698324203491211
350,0.0301,0.04663896560668945
351,0.0380,0.04731440544128418
352,0.0379,0.04692411422729492
353,0.0388,0.04688215255737305
354,0.0449,0.046569108963012695
355,0.0493,0.04654407501220703
356,0.0479,0.046087026596069336
357,0.0479,0.04758286476135254
358,0.0486,0.046759843826293945
359,0.0530,0.04778409004211426
360,0.0517,0.04815101623535156
361,0.0548,0.047341108322143555
362,0.0607,0.047887325286865234
363,0.0674,0.046772003173828125
364,0.0774,0.04847884178161621
365,0.0817,0.04785490036010742
366,0.0937,0.047884225845336914
367,0.0990,0.04786491394042969
368,0.1088,0.04903388023376465
369,0.1110,0.04848790168762207
370,0.1209,0.046468257904052734
371,0.1320,0.04792904853820801
372,0.1425,0.04690098762512207
373,0.1535,0.04899024963378906
374,0.1606,0.04633283615112305
375,0.1643,0.04641008377075195
376,0.1696,0.04655575752258301
377,0.1722,0.046637773513793945
378,0.1766,0.04644584655761719
379,0.1770,0.0462801456451416
380,0.1785,0.04703092575073242
381,0.1799,0.046935081481933594
382,0.1820,0.0461118221282959
383,0.1796,0.04691815376281738
384,0.1749,0.04801321029663086
385,0.1764,0.046684980392456055
386,0.1751,0.046623945236206055
387,0.1702,0.04738879203796387
388,0.1733,0.0460050106048584
389,0.1734,0.04705476760864258
390,0.1724,0.04804086685180664
391,0.1737,0.04861116409301758
392,0.1781,0.04660201072692871
393,0.1814,0.047094106674194336
394,0.1887,0.046762943267822266
395,0.1880,0.04698300361633301
396,0.1884,0.04665994644165039
397,0.1857,0.04665088653564453
398,0.1884,0.04736900329589844
399,0.1879,0.047209978103637695
400,0.1895,0.04703712463378906
401,0.1893,0.047077178955078125
402,0.1912,0.04713296890258789
403,0.1927,0.048548221588134766
404,0.1940,0.04622387886047363
405,0.1958,0.047070980072021484
406,0.1966,0.047013044357299805
407,0.2004,0.04717588424682617
408,0.2029,0.046270132064819336
409,0.1992,0.04731178283691406
410,0.1998,0.0470731258392334
411,0.2019,0.047801971435546875
412,0.1967,0.04690408706665039
413,0.1859,0.04668092727661133
414,0.1842,0.0464329719543457
415,0.1752,0.047261953353881836
416,0.1765,0.04673004150390625
417,0.1765,0.04658627510070801
418,0.1730,0.04593086242675781
419,0.1747,0.04797816276550293
420,0.1753,0.0466310977935791
421,0.1741,0.046041011810302734
422,0.1704,0.04704999923706055
423,0.1671,0.046820878982543945
424,0.1631,0.04591012001037598
425,0.1638,0.04681086540222168
426,0.1678,0.047821044921875
427,0.1613,0.04560399055480957
428,0.1631,0.04571700096130371
429,0.1651,0.04667782783508301
430,0.1646,0.04620003700256348
431,0.1638,0.044937849044799805
432,0.1655,0.04364800453186035
433,0.1705,0.045007944107055664
434,0.1665,0.044840097427368164
435,0.1643,0.04492902755737305
436,0.1647,0.04517006874084473
437,0.1637,0.04425406455993652
438,0.1576,0.04434609413146973
439,0.1575,0.04418373107910156
440,0.1482,0.043762922286987305
441,0.1468,0.0436248779296875
442,0.1454,0.04510617256164551
443,0.1419,0.04409909248352051
444,0.1342,0.04308915138244629
445,0.1339,0.04392194747924805
446,0.1326,0.04415106773376465
447,0.1245,0.04413104057312012
448,0.1261,0.042366981506347656
449,0.1219,0.045905351638793945
450,0.1124,0.04231905937194824
451,0.1132,0.04284524917602539
452,0.1152,0.04156970977783203
453,0.1113,0.041869163513183594
454,0.1084,0.04387998580932617
455,0.1092,0.04092001914978027
456,0.1025,0.04245781898498535
457,0.0083,0.040795087814331055
458,0.1104,0.040902137756347656
459,0.0942,0.04134702682495117
460,0.0499,0.04103684425354004
461,0.0423,0.040815114974975586
462,0.0878,0.041639089584350586
463,0.0975,0.04169297218322754
464,0.0953,0.042289018630981445
465,0.0868,0.042176008224487305
466,0.0835,0.042220115661621094
467,0.0800,0.04241299629211426
468,0.0823,0.042665958404541016
469,0.0745,0.04159879684448242
470,0.0679,0.04192996025085449
471,0.0633,0.040949106216430664
472,0.0517,0.04184222221374512
473,0.0287,0.04134202003479004
474,0.1509,0.041120052337646484
475,0.1331,0.04129171371459961
476,0.0663,0.04091477394104004
477,0.0337,0.04185891151428223
478,0.0712,0.04311800003051758
479,0.0320,0.041867971420288086
480,0.0227,0.04424786567687988
481,0.0403,0.04199385643005371
482,0.0476,0.04330897331237793
483,0.0362,0.04260706901550293
484,0.0397,0.042410850524902344
485,0.0472,0.04246091842651367
486,0.0401,0.0415191650390625
487,0.0418,0.04118800163269043
488,0.0387,0.04147195816040039
489,0.0383,0.04236888885498047
490,0.0373,0.040756940841674805
491,0.1136,0.041116952896118164
492,0.1776,0.04104185104370117
493,0.1437,0.04149508476257324
494,0.1239,0.04190516471862793
495,0.0916,0.04153609275817871
496,0.0408,0.041831016540527344
497,0.0187,0.04204535484313965
498,0.0118,0.04211616516113281
499,0.0063,0.04251813888549805
500,0.0207,0.043437957763671875
501,0.0448,0.0430750846862793
502,0.0466,0.04331517219543457
503,0.0609,0.041374921798706055
504,0.0610,0.042672157287597656
505,0.0645,0.041463613510131836
506,0.0714,0.04084897041320801
507,0.0723,0.04071497917175293
508,0.0316,0.04163980484008789
509,0.0009,0.04112100601196289
510,0.0164,0.04103493690490723
511,0.1449,0.0412600040435791
512,0.1163,0.04212808609008789
513,0.0792,0.041487932205200195
514,0.0707,0.04313373565673828
515,0.0886,0.042227983474731445
516,0.0783,0.04251885414123535
517,0.0814,0.042402029037475586
518,0.0844,0.04373908042907715
519,0.0782,0.042185068130493164
520,0.0816,0.04237008094787598
521,0.0713,0.04157209396362305
522,0.0692,0.041603803634643555
523,0.0612,0.04117107391357422
524,0.0384,0.04114699363708496
525,0.0681,0.04084920883178711
526,0.0746,0.041593074798583984
527,0.0576,0.042047977447509766
528,0.0648,0.041676998138427734
529,0.0612,0.041676998138427734
530,0.0457,0.043824195861816406
531,0.0350,0.04298114776611328
532,0.0269,0.0414280891418457
533,0.0208,0.04229903221130371
534,0.0203,0.04255795478820801
535,0.0234,0.04356789588928223
536,0.0261,0.0424191951751709
537,0.0213,0.04207897186279297
538,0.0192,0.041513919830322266
539,0.0189,0.042025089263916016
540,0.0014,0.04219222068786621
541,0.0042,0.04214024543762207
542,0.0272,0.04126906394958496
543,0.0181,0.04323220252990723
544,0.0200,0.04318404197692871
545,0.0049,0.042816162109375
546,0.0079,0.04124712944030762
547,0.0300,0.04249238967895508
548,0.0285,0.04337930679321289
549,0.0267,0.04317903518676758
550,0.0397,0.04305696487426758
551,0.0212,0.04349780082702637
552,0.0406,0.04324793815612793
553,0.0547,0.04206490516662598
554,0.0216,0.041381120681762695
555,0.0067,0.04204893112182617
556,0.1003,0.04207205772399902
557,0.0168,0.04142284393310547
558,0.0266,0.041330814361572266
559,0.0435,0.040992021560668945
560,0.0334,0.04233884811401367
561,0.0447,0.04334688186645508
562,0.0476,0.044077157974243164
563,0.0588,0.04284024238586426
564,0.0588,0.042797088623046875
565,0.0652,0.04309415817260742
566,0.0726,0.04298806190490723
567,0.0787,0.04258084297180176
568,0.0806,0.04222607612609863
569,0.0741,0.043298959732055664
570,0.0631,0.042790889739990234
571,0.0712,0.04170393943786621
572,0.0773,0.04120898246765137
573,0.0149,0.0416560173034668
574,0.0393,0.0422511100769043
575,0.0512,0.04184699058532715
576,0.0532,0.042758941650390625
577,0.0473,0.04305386543273926
578,0.0576,0.042952775955200195
579,0.0594,0.044895172119140625
580,0.0576,0.04335284233093262
581,0.0532,0.04313492774963379
582,0.0561,0.04521894454956055
583,0.0526,0.042684078216552734
584,0.0516,0.04281306266784668
585,0.0472,0.042520761489868164
586,0.0408,0.041517019271850586
587,0.0856,0.041168928146362305
588,0.0021,0.04235696792602539
589,0.0327,0.04152989387512207
590,0.0111,0.04128122329711914
591,0.0544,0.042046308517456055
592,0.0331,0.04183769226074219
593,0.0220,0.04304909706115723
594,0.0314,0.043103933334350586
595,0.0276,0.04354405403137207
596,0.0216,0.04383683204650879
597,0.0190,0.04351472854614258
598,0.0128,0.04373025894165039
599,0.0058,0.043743133544921875
600,0.0002,0.043519020080566406
601,0.0031,0.041486263275146484
602,0.0999,0.04158377647399902
603,0.0639,0.04150104522705078
604,0.0345,0.041947126388549805
605,0.0127,0.04207110404968262
606,0.0525,0.04244518280029297
607,0.0063,0.042932987213134766
608,0.0123,0.04247283935546875
609,0.0238,0.04190802574157715
610,0.0379,0.04296231269836426
611,0.0364,0.045210838317871094
612,0.0441,0.0433497428894043
613,0.0489,0.04250979423522949
614,0.0604,0.04221606254577637
615,0.0666,0.04244208335876465
616,0.0711,0.04112887382507324
617,0.0225,0.04102683067321777
618,0.1291,0.04125213623046875
619,0.0566,0.04120802879333496
620,0.0319,0.04170393943786621
621,0.1312,0.04163694381713867
622,0.1247,0.0419461727142334
623,0.1463,0.04297995567321777
624,0.1404,0.04278302192687988
625,0.1532,0.0448911190032959
626,0.1548,0.04453682899475098
627,0.1680,0.04566192626953125
628,0.1765,0.044203996658325195
629,0.1849,0.04203009605407715
630,0.1896,0.042864322662353516
631,0.1932,0.04195094108581543
632,0.2388,0.04062390327453613
633,0.0990,0.041092872619628906
634,0.0983,0.04172086715698242
635,0.2032,0.04187893867492676
636,0.2006,0.04270815849304199
637,0.2231,0.042050838470458984
638,0.2290,0.04279494285583496
639,0.2446,0.042893171310424805
640,0.2503,0.0434567928314209
641,0.2654,0.04325389862060547
642,0.2747,0.04280376434326172
643,0.2812,0.0426020622253418
644,0.2825,0.04175519943237305
645,0.2922,0.04296708106994629
646,0.2896,0.042133331298828125
647,0.4021,0.04312014579772949
648,0.4115,0.04117298126220703
649,0.3684,0.04104900360107422
650,0.2973,0.04138302803039551
651,0.3203,0.041683197021484375
652,0.3234,0.04369497299194336
653,0.3295,0.042669057846069336
654,0.3319,0.04262685775756836
655,0.3347,0.04246997833251953
656,0.3399,0.04387998580932617
657,0.3453,0.04281806945800781
658,0.3527,0.041554927825927734
659,0.3529,0.04139375686645508
660,0.3524,0.041565895080566406
661,0.3692,0.04158830642700195
662,0.3787,0.04151201248168945
663,0.4300,0.04120492935180664
664,0.4290,0.042437076568603516
665,0.4577,0.04073381423950195
666,0.4107,0.04156899452209473
667,0.4166,0.04508709907531738
668,0.4174,0.04220294952392578
669,0.4165,0.04458308219909668
670,0.4095,0.04352998733520508
671,0.4131,0.041649818420410156
672,0.4210,0.042147159576416016
673,0.4220,0.04178619384765625
674,0.4241,0.040746212005615234
675,0.4271,0.041152000427246094
676,0.4037,0.04055929183959961
677,0.4745,0.04026389122009277
678,0.3645,0.04123401641845703
679,0.4026,0.04051399230957031
680,0.4354,0.04204201698303223
681,0.4190,0.04157423973083496
682,0.4200,0.041464805603027344
683,0.4164,0.04318594932556152
684,0.4171,0.04205918312072754
685,0.4182,0.04265284538269043
686,0.4234,0.04228711128234863
687,0.4223,0.042220115661621094
688,0.4190,0.04168701171875
689,0.4168,0.04079294204711914
690,0.4051,0.04091215133666992
691,0.3539,0.04048895835876465
692,0.2705,0.04061698913574219
693,0.2993,0.042365312576293945
694,0.2737,0.0408780574798584
695,0.3536,0.04166293144226074
696,0.3551,0.04215407371520996
697,0.3658,0.0417783260345459
698,0.3668,0.04286003112792969
699,0.3659,0.04212498664855957
700,0.3597,0.04211997985839844
701,0.3573,0.0433499813079834
702,0.3566,0.043572187423706055
703,0.3557,0.04184103012084961
704,0.3509,0.040908098220825195
705,0.3387,0.04061579704284668
706,0.2986,0.041094064712524414
707,0.2930,0.040400028228759766
708,0.2907,0.04123401641845703
709,0.2796,0.04208517074584961
710,0.3326,0.04187607765197754
711,0.2870,0.04211878776550293
712,0.2704,0.04128313064575195
713,0.2874,0.04281497001647949
714,0.2784,0.04423713684082031
715,0.2896,0.04378795623779297
716,0.2872,0.04273581504821777
717,0.2839,0.04274487495422363
718,0.2801,0.04177522659301758
719,0.2776,0.04100775718688965
720,0.2483,0.040843963623046875
721,0.1993,0.04274106025695801
722,0.2407,0.04060697555541992
723,0.2363,0.04187488555908203
724,0.2167,0.042875051498413086
725,0.2376,0.04315495491027832
726,0.2277,0.04314374923706055
727,0.2519,0.04305267333984375
728,0.2334,0.04263663291931152
729,0.2443,0.04350900650024414
730,0.2409,0.04418802261352539
731,0.2244,0.0436861515045166
732,0.2282,0.043678998947143555
733,0.2294,0.04340004920959473
734,0.2132,0.04550671577453613
735,0.1522,0.041071176528930664
736,0.0042,0.04145097732543945
737,0.1589,0.041522979736328125
738,0.0953,0.04141712188720703
739,0.0886,0.041757822036743164
740,0.0771,0.041767120361328125
741,0.1598,0.04217100143432617
742,0.1779,0.04261612892150879
743,0.1843,0.041503190994262695
744,0.1786,0.042392730712890625
745,0.1795,0.0424189567565918
746,0.1759,0.043701171875
747,0.1717,0.04195094108581543
748,0.1680,0.04152488708496094
749,0.1637,0.04105806350708008
750,0.0027,0.04058098793029785
751,0.0009,0.0410921573638916
752,0.0313,0.04129981994628906
753,0.0791,0.041510820388793945
754,0.1479,0.04138612747192383
755,0.1762,0.04233694076538086
756,0.1101,0.04222583770751953
757,0.1252,0.04294896125793457
758,0.1264,0.04315495491027832
759,0.1226,0.04343700408935547
760,0.1196,0.042311906814575195
761,0.1175,0.04192686080932617
762,0.1118,0.0417630672454834
763,0.1063,0.04240107536315918
764,0.1040,0.04143810272216797
765,0.1301,0.041754961013793945
766,0.1336,0.04089808464050293
767,0.2473,0.04035496711730957
768,0.1442,0.041162967681884766
769,0.1610,0.04182887077331543
770,0.1263,0.04262495040893555
771,0.0977,0.04345393180847168
772,0.1003,0.04180908203125
773,0.0805,0.04392719268798828
774,0.0907,0.04435086250305176
775,0.0913,0.04225897789001465
776,0.0932,0.04287600517272949
777,0.0835,0.04178309440612793
778,0.0806,0.04302573204040527
779,0.0773,0.04224586486816406
780,0.0155,0.04064011573791504
781,0.0480,0.0409541130065918
782,0.1202,0.04146981239318848
783,0.0927,0.040798187255859375
784,0.0325,0.0411829948425293
785,0.0618,0.04110121726989746
786,0.0235,0.041812896728515625
787,0.0205,0.041710853576660156
788,0.0399,0.0422205924987793
789,0.0332,0.04198575019836426
790,0.0317,0.04185223579406738
791,0.0332,0.042088985443115234
792,0.0322,0.0416719913482666
793,0.0308,0.041467905044555664
794,0.0254,0.04083085060119629
795,0.0006,0.04059314727783203
796,0.0445,0.04046273231506348
797,0.0298,0.04082989692687988
798,0.0757,0.04230332374572754
799,0.1062,0.041290998458862305
800,0.0873,0.04115700721740723
801,0.0709,0.041584014892578125
802,0.0768,0.0411069393157959
803,0.0660,0.04149580001831055
804,0.0609,0.04165506362915039
805,0.0544,0.042092084884643555
806,0.0608,0.04249095916748047
807,0.0636,0.0425877571105957
808,0.0678,0.04164314270019531
809,0.0672,0.0420069694519043
810,0.0315,0.041610002517700195
811,0.1284,0.04105091094970703
812,0.1078,0.04294085502624512
813,0.0373,0.041966915130615234
814,0.0618,0.041647911071777344
815,0.0749,0.04091000556945801
816,0.1010,0.042897939682006836
817,0.1126,0.04158425331115723
818,0.1229,0.042471885681152344
819,0.1342,0.04220914840698242
820,0.1477,0.04211997985839844
821,0.1629,0.04185199737548828
822,0.1742,0.04126381874084473
823,0.1818,0.04091811180114746
824,0.1963,0.04102301597595215
825,0.2710,0.04138588905334473
826,0.2257,0.04154515266418457
827,0.1537,0.040513038635253906
828,0.2400,0.04131627082824707
829,0.2989,0.04128003120422363
830,0.2419,0.041188955307006836
831,0.2979,0.041908979415893555
832,0.2069,0.04134488105773926
833,0.2807,0.04224991798400879
834,0.2766,0.04221391677856445
835,0.2921,0.04195404052734375
836,0.3028,0.04350900650024414
837,0.3178,0.04311394691467285
838,0.3273,0.04194903373718262
839,0.3421,0.04228711128234863
840,0.3531,0.041458845138549805
841,0.2470,0.042112112045288086
842,0.2692,0.0416719913482666
843,0.3028,0.04110312461853027
844,0.3983,0.040804147720336914
845,0.4378,0.04088020324707031
846,0.4804,0.0413508415222168
847,0.4786,0.04201507568359375
848,0.4436,0.041686058044433594
849,0.4532,0.04359102249145508
850,0.4676,0.04212212562561035
851,0.4665,0.04146695137023926
852,0.4713,0.042328834533691406
853,0.4750,0.04206490516662598
854,0.4788,0.04127383232116699
855,0.4812,0.041049957275390625
856,0.4739,0.041060686111450195
857,0.4552,0.04107999801635742
858,0.5196,0.04079723358154297
859,0.5564,0.040589094161987305
860,0.5332,0.04099678993225098
861,0.5679,0.04119992256164551
862,0.5424,0.04241299629211426
863,0.5228,0.04170584678649902
864,0.5240,0.04235506057739258
865,0.5447,0.04402613639831543
866,0.5507,0.044379234313964844
867,0.5639,0.04275679588317871
868,0.5715,0.04233884811401367
869,0.5713,0.04329323768615723
870,0.5760,0.04184389114379883
871,0.6768,0.04165291786193848
872,0.7810,0.04143381118774414
873,0.7072,0.040498971939086914
874,0.7112,0.04110431671142578
875,0.6832,0.04188108444213867
876,0.6780,0.04376482963562012
877,0.6664,0.041686058044433594
878,0.6506,0.042109012603759766
879,0.6292,0.04239296913146973
880,0.6223,0.04236912727355957
881,0.6294,0.04270291328430176
882,0.6365,0.042472124099731445
883,0.6451,0.042150020599365234
884,0.6449,0.04225301742553711
885,0.6456,0.04263019561767578
886,0.6313,0.04259514808654785
887,0.6553,0.040853023529052734
888,0.7061,0.04459381103515625
889,0.7307,0.0418848991394043
890,0.6781,0.04085993766784668
891,0.6691,0.04136800765991211
892,0.6739,0.04197978973388672
893,0.6798,0.044827938079833984
894,0.6784,0.04411196708679199
895,0.7108,0.04334902763366699
896,0.7185,0.04254913330078125
897,0.7319,0.04306674003601074
898,0.7300,0.04222512245178223
899,0.7380,0.042176008224487305
900,0.7423,0.04152202606201172
901,0.7488,0.041259050369262695
902,0.8438,0.04078483581542969
903,0.7974,0.041155099868774414
904,0.7981,0.04111480712890625
905,0.8660,0.04130101203918457
906,0.7831,0.04162478446960449
907,0.7793,0.04157090187072754
908,0.7893,0.0417170524597168
909,0.7822,0.04324913024902344
910,0.8042,0.04273629188537598
911,0.8286,0.04300808906555176
912,0.8272,0.043382883071899414
913,0.8316,0.04263782501220703
914,0.8264,0.0433809757232666
915,0.8349,0.04219198226928711
916,0.8295,0.04244828224182129
917,0.8979,0.04125690460205078
918,0.9426,0.04218912124633789
919,0.9933,0.04405713081359863
920,1.0353,0.04214596748352051
921,0.9542,0.042977094650268555
922,0.9098,0.04216599464416504
923,0.9163,0.043398141860961914
924,0.9124,0.042626142501831055
925,0.9196,0.04179787635803223
926,0.8971,0.04235696792602539
927,0.8838,0.04428219795227051
928,0.8855,0.04197096824645996
929,0.8859,0.043195247650146484
930,0.8807,0.04208087921142578
931,0.8625,0.04291200637817383
932,0.8419,0.04254007339477539
933,0.9207,0.04087710380554199
934,0.9585,0.040947914123535156
935,0.9782,0.041409969329833984
936,0.9865,0.041106224060058594
937,0.9366,0.04213285446166992
938,0.9629,0.04253125190734863
939,0.9039,0.04295825958251953
940,0.9041,0.04367995262145996
941,0.8962,0.04255199432373047
942,0.8499,0.04256892204284668
943,0.8305,0.042861223220825195
944,0.8657,0.04254579544067383
945,0.8622,0.04334378242492676
946,0.8547,0.04105329513549805
947,0.8345,0.041568756103515625
948,0.9210,0.04078102111816406
949,1.0053,0.04102516174316406
950,0.9841,0.04187417030334473
951,0.9320,0.04099416732788086
952,0.8382,0.04124593734741211
953,0.9133,0.04219698905944824
954,0.8876,0.04191398620605469
955,0.8808,0.0424501895904541
956,0.8748,0.04227423667907715
957,0.8461,0.04599905014038086
958,0.8352,0.0429692268371582
959,0.8282,0.04221701622009277
960,0.8244,0.043257713317871094
961,0.8082,0.042035818099975586
962,0.7918,0.04077267646789551
963,0.7685,0.043274879455566406
964,0.8097,0.041124820709228516
965,0.8391,0.04207777976989746
966,0.8075,0.04201197624206543
967,0.7879,0.04152178764343262
968,0.7993,0.04138016700744629
969,0.7773,0.041818857192993164
970,0.7954,0.04438614845275879
971,0.7969,0.04212379455566406
972,0.7886,0.04362201690673828
973,0.7779,0.04465889930725098
974,0.7798,0.044615983963012695
975,0.7735,0.04322099685668945
976,0.7654,0.043077945709228516
977,0.7598,0.04195713996887207
978,0.7412,0.04132080078125
979,0.8940,0.04136395454406738
980,0.8906,0.04064798355102539
981,0.8497,0.04302620887756348
982,0.8099,0.04325985908508301
983,0.7780,0.04193735122680664
984,0.7773,0.04162192344665527
985,0.7744,0.042562246322631836
986,0.7666,0.04224991798400879
987,0.7498,0.04238414764404297
988,0.7249,0.04313397407531738
989,0.7146,0.042382001876831055
990,0.7053,0.04210495948791504
991,0.6955,0.04250597953796387
992,0.6949,0.042701005935668945
993,0.6835,0.04085993766784668
994,0.6749,0.04107213020324707
995,0.7392,0.0414121150970459
996,0.7749,0.04062795639038086
997,0.6466,0.042256832122802734
998,0.6514,0.041045188903808594
999,0.6247,0.043493032455444336
1000,0.6162,0.042294979095458984
1001,0.6303,0.043287038803100586
1002,0.6239,0.04287099838256836
1003,0.6147,0.04349207878112793
1004,0.5968,0.04316902160644531
1005,0.5850,0.04302787780761719
1006,0.5741,0.04265284538269043
1007,0.5570,0.041658878326416016
1008,0.5406,0.040400028228759766
1009,0.5230,0.04120302200317383
1010,0.5503,0.04061007499694824
1011,0.4033,0.0409243106842041
1012,0.5054,0.04240298271179199
1013,0.5328,0.04251885414123535
1014,0.4813,0.04168128967285156
1015,0.4667,0.04209113121032715
1016,0.4560,0.041703224182128906
1017,0.4370,0.04364299774169922
1018,0.4226,0.042458295822143555
1019,0.4165,0.04235696792602539
1020,0.4032,0.0423128604888916
1021,0.3918,0.04265785217285156
1022,0.3765,0.04165792465209961
1023,0.3585,0.04221200942993164
1024,0.3378,0.04175114631652832
1025,0.3205,0.04075789451599121
1026,0.2951,0.0402679443359375
1027,0.2339,0.041049957275390625
1028,0.2248,0.041153669357299805
1029,0.2213,0.04235410690307617
1030,0.2365,0.04233598709106445
1031,0.2344,0.04154706001281738
1032,0.2179,0.04221177101135254
1033,0.2301,0.04226398468017578
1034,0.2370,0.04299306869506836
1035,0.2283,0.04289364814758301
1036,0.2203,0.042450904846191406
1037,0.2130,0.04161405563354492
1038,0.2050,0.04271578788757324
1039,0.1924,0.040750980377197266
1040,0.1764,0.041155099868774414
1041,0.1642,0.04122519493103027
1042,0.0550,0.042607784271240234
1043,0.0148,0.04118490219116211
1044,0.0446,0.041529178619384766
1045,0.0943,0.04361081123352051
1046,0.1153,0.043688058853149414
1047,0.1422,0.044365882873535156
1048,0.1428,0.04330611228942871
1049,0.1318,0.04455399513244629
1050,0.1219,0.043779850006103516
1051,0.1142,0.04277515411376953
1052,0.1090,0.04286789894104004
1053,0.1066,0.042501211166381836
1054,0.0976,0.041764020919799805
1055,0.0914,0.04157066345214844
1056,0.0761,0.0412139892578125
1057,0.0199,0.04105329513549805
1058,0.0303,0.042391061782836914
1059,0.0095,0.04146575927734375
1060,0.0390,0.04491400718688965
1061,0.0035,0.042118072509765625
1062,0.0390,0.04213714599609375
1063,0.0474,0.042626142501831055
1064,0.0484,0.04257011413574219
1065,0.0545,0.04284191131591797
1066,0.0479,0.04326319694519043
1067,0.0497,0.04297184944152832
1068,0.0454,0.04300498962402344
1069,0.0350,0.04120779037475586
1070,0.0331,0.04141092300415039
1071,0.0344,0.040960073471069336
1072,0.0541,0.04180097579956055
1073,0.0430,0.04217386245727539
1074,0.0239,0.04294896125793457
1075,0.0629,0.04426288604736328
1076,0.0020,0.04342079162597656
1077,0.0338,0.044402360916137695
1078,0.0950,0.04225301742553711
1079,0.0829,0.04371500015258789
1080,0.0640,0.04373311996459961
1081,0.0726,0.04367399215698242
1082,0.0704,0.043408870697021484
1083,0.0709,0.045411109924316406
1084,0.0700,0.04236483573913574
1085,0.0689,0.043890953063964844
1086,0.0714,0.04218411445617676
1087,0.0708,0.041536569595336914
1088,0.0426,0.042054176330566406
1089,0.0351,0.042536020278930664
1090,0.0588,0.041471004486083984
1091,0.0307,0.04288005828857422
1092,0.0663,0.042487144470214844
1093,0.1219,0.044139862060546875
1094,0.1166,0.042466163635253906
1095,0.1141,0.04458498954772949
1096,0.1130,0.04668903350830078
1097,0.1099,0.04678511619567871
1098,0.1163,0.04501199722290039
1099,0.1173,0.046948909759521484
1100,0.1166,0.04405474662780762
1101,0.1202,0.04422402381896973
1102,0.1200,0.046366214752197266
1103,0.1343,0.044458866119384766
1104,0.0131,0.04424905776977539
1105,0.0414,0.04706311225891113
1106,0.1467,0.04604911804199219
1107,0.1854,0.04309988021850586
1108,0.1648,0.0436701774597168
1109,0.1517,0.04788613319396973
1110,0.1607,0.04549574851989746
1111,0.1808,0.044496774673461914
1112,0.1784,0.044996023178100586
1113,0.1763,0.04573225975036621
1114,0.1834,0.04620003700256348
1115,0.1852,0.046724796295166016
1116,0.1865,0.044064998626708984
1117,0.1871,0.04380011558532715
1118,0.1895,0.043135881423950195
1119,0.1220,0.04258108139038086
1120,0.0816,0.04438900947570801
1121,0.1247,0.043900251388549805
1122,0.1854,0.0429232120513916
1123,0.2502,0.04369091987609863
1124,0.2646,0.04393315315246582
1125,0.2721,0.043527841567993164
1126,0.2725,0.04550933837890625
1127,0.2572,0.04600977897644043
1128,0.2541,0.04515480995178223
1129,0.2636,0.04506111145019531
1130,0.2650,0.04529571533203125
1131,0.2692,0.043556928634643555
1132,0.2739,0.042549848556518555
1133,0.2753,0.04250288009643555
1134,0.2656,0.04140901565551758
1135,0.0312,0.04278302192687988
1136,0.0717,0.04270529747009277
1137,0.1498,0.04319500923156738
1138,0.1864,0.04451394081115723
1139,0.2844,0.044844865798950195
1140,0.3288,0.04315590858459473
1141,0.3315,0.04566788673400879
1142,0.3470,0.04595470428466797
1143,0.3404,0.04423880577087402
1144,0.3441,0.04481816291809082
1145,0.3466,0.04459428787231445
1146,0.3531,0.04494118690490723
1147,0.3526,0.04453110694885254
1148,0.3620,0.04484987258911133
1149,0.3613,0.0437161922454834
1150,0.2575,0.04302215576171875
1151,0.4880,0.044699907302856445
1152,0.5664,0.04373621940612793
1153,0.5631,0.0439910888671875
1154,0.4860,0.0440669059753418
1155,0.4775,0.04511213302612305
1156,0.4378,0.04364418983459473
1157,0.4319,0.04564809799194336
1158,0.4328,0.04613804817199707
1159,0.4329,0.0463099479675293
1160,0.4388,0.045732975006103516
1161,0.4389,0.045140981674194336
1162,0.4469,0.04712176322937012
1163,0.4509,0.04344511032104492
1164,0.4552,0.04450678825378418
1165,0.4606,0.04492688179016113
1166,0.5022,0.042742013931274414
1167,0.4824,0.04514908790588379
1168,0.5100,0.045334815979003906
1169,0.5565,0.04309201240539551
1170,0.5952,0.04424595832824707
1171,0.5572,0.044584035873413086
1172,0.5317,0.04520392417907715
1173,0.5241,0.04675793647766113
1174,0.5218,0.045790910720825195
1175,0.5150,0.04585766792297363
1176,0.5149,0.04690408706665039
1177,0.5131,0.04599881172180176
1178,0.5071,0.04440808296203613
1179,0.5097,0.0455317497253418
1180,0.5049,0.04213690757751465
1181,0.5125,0.043344974517822266
1182,0.6009,0.04334521293640137
1183,0.7293,0.04146313667297363
1184,0.7711,0.04264497756958008
1185,0.7504,0.04314017295837402
1186,0.5931,0.04275989532470703
1187,0.5612,0.04414486885070801
1188,0.5320,0.042945146560668945
1189,0.5165,0.04459118843078613
1190,0.4995,0.043519020080566406
1191,0.4951,0.044378042221069336
1192,0.4941,0.04313182830810547
1193,0.4946,0.04271674156188965
1194,0.5013,0.04245924949645996
1195,0.4988,0.042695045471191406
1196,0.4964,0.04288196563720703
1197,0.6740,0.0410008430480957
1198,0.6498,0.043991804122924805
1199,0.5807,0.04245185852050781
1200,0.6293,0.04328799247741699
1201,0.6030,0.04265332221984863
1202,0.5444,0.04406118392944336
1203,0.5113,0.043943166732788086
1204,0.5016,0.04419112205505371
1205,0.4898,0.045567989349365234
1206,0.4849,0.04510021209716797
1207,0.4776,0.04497218132019043
1208,0.4730,0.0457000732421875
1209,0.4664,0.04454398155212402
1210,0.4659,0.04459190368652344
1211,0.4643,0.04512810707092285
1212,0.4564,0.04462695121765137
1213,0.5134,0.04562711715698242
1214,0.5793,0.04472804069519043
1215,0.6283,0.04482603073120117
1216,0.5826,0.045150041580200195
1217,0.5861,0.044801950454711914
1218,0.5263,0.04500412940979004
1219,0.5034,0.04557490348815918
1220,0.4879,0.04493379592895508
1221,0.4827,0.04615616798400879
1222,0.4830,0.04593706130981445
1223,0.4827,0.04576992988586426
1224,0.4933,0.04589390754699707
1225,0.4945,0.045432090759277344
1226,0.4986,0.044960975646972656
1227,0.5002,0.04410696029663086
1228,0.4435,0.044816017150878906
1229,0.4662,0.04405808448791504
1230,0.5596,0.044594764709472656
1231,0.6043,0.04396176338195801
1232,0.6540,0.04439091682434082
1233,0.5642,0.042764902114868164
1234,0.5138,0.04337477684020996
1235,0.5229,0.04493308067321777
1236,0.5117,0.04377889633178711
1237,0.4979,0.04375720024108887
1238,0.4997,0.04480290412902832
1239,0.4968,0.04282093048095703
1240,0.4949,0.0424959659576416
1241,0.4932,0.042755126953125
1242,0.4914,0.04607391357421875
1243,0.4842,0.04360198974609375
1244,0.4256,0.04366779327392578
1245,0.5012,0.04229307174682617
1246,0.5401,0.04157710075378418
1247,0.6198,0.04272317886352539
1248,0.6258,0.04312896728515625
1249,0.5817,0.044245004653930664
1250,0.5373,0.043805837631225586
1251,0.5280,0.047300100326538086
1252,0.5306,0.04614400863647461
1253,0.5290,0.04550909996032715
1254,0.5310,0.045922040939331055
1255,0.5308,0.046341896057128906
1256,0.5334,0.045454978942871094
1257,0.5322,0.04545903205871582
1258,0.5303,0.04416084289550781
1259,0.4637,0.04317498207092285
1260,0.6499,0.04528188705444336
1261,0.7552,0.04465675354003906
1262,0.6994,0.0453488826751709
1263,0.6801,0.04364895820617676
1264,0.6720,0.04451394081115723
1265,0.6311,0.04433608055114746
1266,0.6031,0.04320406913757324
1267,0.5865,0.043233633041381836
1268,0.5775,0.04317116737365723
1269,0.5791,0.045680999755859375
1270,0.5794,0.04619407653808594
1271,0.5808,0.04233503341674805
1272,0.5787,0.04300808906555176
1273,0.5775,0.04132509231567383
1274,0.5757,0.042357683181762695
1275,0.5805,0.04059481620788574
1276,0.7440,0.041081905364990234
1277,0.7256,0.04184603691101074
1278,0.7077,0.042687177658081055
1279,0.6705,0.04335522651672363
1280,0.6557,0.044493913650512695
1281,0.6151,0.04370474815368652
1282,0.6109,0.04358792304992676
1283,0.5999,0.04375791549682617
1284,0.5994,0.04427790641784668
1285,0.5982,0.043168067932128906
1286,0.6001,0.044393062591552734
1287,0.5977,0.045944929122924805
1288,0.6020,0.04544329643249512
1289,0.6023,0.04438209533691406
1290,0.5426,0.04342293739318848
1291,0.6100,0.04262113571166992
1292,0.6454,0.04571819305419922
1293,0.7332,0.04395484924316406
1294,0.7176,0.04229307174682617
1295,0.7037,0.044386863708496094
1296,0.6501,0.04377603530883789
1297,0.6271,0.043530941009521484
1298,0.6064,0.044918060302734375
1299,0.5876,0.04411005973815918
1300,0.5795,0.04469585418701172
1301,0.5762,0.04410886764526367
1302,0.5714,0.04271817207336426
1303,0.5670,0.042738914489746094
1304,0.5571,0.06427907943725586
1305,0.5505,0.04305410385131836
1306,0.6161,0.04381394386291504
1307,0.7552,0.04361701011657715
1308,0.7032,0.044397830963134766
1309,0.6751,0.04398989677429199
1310,0.6500,0.04677104949951172
1311,0.5617,0.04388594627380371
1312,0.5448,0.04512906074523926
1313,0.5172,0.046758174896240234
1314,0.5156,0.04677414894104004
1315,0.5007,0.04761004447937012
1316,0.4948,0.045480966567993164
1317,0.4932,0.0448000431060791
1318,0.4809,0.04454803466796875
1319,0.4734,0.0435948371887207
1320,0.4631,0.0428929328918457
1321,0.3411,0.041175127029418945
1322,0.5065,0.04484891891479492
1323,0.5026,0.04322409629821777
1324,0.5114,0.04745769500732422
1325,0.4966,0.04635167121887207
1326,0.4676,0.045648813247680664
1327,0.4517,0.04606795310974121
1328,0.4349,0.04522418975830078
1329,0.4278,0.042372941970825195
1330,0.4145,0.04550313949584961
1331,0.4027,0.04383492469787598
1332,0.3937,0.04479384422302246
1333,0.3866,0.04417300224304199
1334,0.3774,0.04488825798034668
1335,0.3678,0.04373812675476074
1336,0.3532,0.04234600067138672
1337,0.4068,0.04499197006225586
1338,0.4432,0.04584789276123047
1339,0.4081,0.04444575309753418
1340,0.4262,0.05413985252380371
1341,0.3914,0.04557681083679199
1342,0.3628,0.04498791694641113
1343,0.3263,0.04537224769592285
1344,0.3172,0.044899702072143555
1345,0.3103,0.04613208770751953
1346,0.2993,0.045809030532836914
1347,0.2861,0.04860186576843262
1348,0.2789,0.04715299606323242
1349,0.2708,0.04561614990234375
1350,0.2649,0.04499673843383789
1351,0.2561,0.04357099533081055
1352,0.2991,0.04466605186462402
1353,0.2511,0.04380393028259277
1354,0.2742,0.04211783409118652
1355,0.3255,0.04239201545715332
1356,0.2442,0.0439600944519043
1357,0.2464,0.04192376136779785
1358,0.2174,0.04362010955810547
1359,0.2144,0.044274330139160156
1360,0.1950,0.042945146560668945
1361,0.1871,0.04428815841674805
1362,0.1664,0.04378485679626465
1363,0.1683,0.04465985298156738
1364,0.1574,0.04524707794189453
1365,0.1431,0.04453277587890625
1366,0.1357,0.04377174377441406
1367,0.1275,0.04388689994812012
1368,0.1202,0.045419931411743164
1369,0.1216,0.04430890083312988
1370,0.1341,0.04348587989807129
1371,0.1210,0.04869985580444336
1372,0.1275,0.04473876953125
1373,0.1140,0.04495406150817871
1374,0.1184,0.045001983642578125
1375,0.1011,0.04570794105529785
1376,0.0861,0.04457807540893555
1377,0.0596,0.045050859451293945
1378,0.0491,0.04645133018493652
1379,0.0417,0.04894423484802246
1380,0.0344,0.044188737869262695
1381,0.0232,0.04384183883666992
1382,0.0196,0.04657697677612305
1383,0.0836,0.042523860931396484
1384,0.1494,0.042144060134887695
1385,0.1196,0.04169106483459473
1386,0.1271,0.04562878608703613
1387,0.0227,0.04606199264526367
1388,0.0191,0.045330047607421875
1389,0.0027,0.04528474807739258
1390,0.0260,0.046569108963012695
1391,0.0579,0.04630017280578613
1392,0.0717,0.047698259353637695
1393,0.0873,0.045870304107666016
1394,0.0952,0.04541802406311035
1395,0.1066,0.04448199272155762
1396,0.1181,0.04407763481140137
1397,0.1266,0.044164180755615234
1398,0.1409,0.04432201385498047
1399,0.0609,0.04409980773925781
1400,0.1486,0.04446291923522949
1401,0.2046,0.046011924743652344
1402,0.2551,0.04444098472595215
1403,0.1911,0.043109893798828125
1404,0.1986,0.045072317123413086
1405,0.2034,0.04512190818786621
1406,0.2119,0.045903921127319336
1407,0.2241,0.046927690505981445
1408,0.2305,0.04642319679260254
1409,0.2414,0.04494309425354004
1410,0.2470,0.045105934143066406
1411,0.2496,0.04491305351257324
1412,0.2604,0.04329514503479004
1413,0.2659,0.04401707649230957
1414,0.3484,0.04488396644592285
1415,0.5448,0.04394173622131348
1416,0.3411,0.043395042419433594
1417,0.2548,0.04489493370056152
1418,0.2562,0.04356217384338379
1419,0.2594,0.04426121711730957
1420,0.2903,0.04628491401672363
1421,0.3217,0.04524588584899902
1422,0.3361,0.04676985740661621
1423,0.3391,0.04524993896484375
1424,0.3513,0.04594898223876953
1425,0.3650,0.04358196258544922
1426,0.3741,0.04432415962219238
1427,0.3779,0.04282689094543457
1428,0.3853,0.04313492774963379
1429,0.3957,0.04193377494812012
1430,0.5527,0.04196310043334961
1431,0.4908,0.042665958404541016
1432,0.3849,0.041745901107788086
1433,0.3835,0.04351091384887695
1434,0.4036,0.04454398155212402
1435,0.4057,0.04129481315612793
1436,0.3953,0.04221987724304199
1437,0.4242,0.04225468635559082
1438,0.4370,0.04356098175048828
1439,0.4437,0.042838096618652344
1440,0.4550,0.04307198524475098
1441,0.4610,0.04149198532104492
1442,0.4716,0.04276275634765625
1443,0.4730,0.04282331466674805
1444,0.4746,0.04187607765197754
1445,0.4816,0.042717933654785156
1446,0.2296,0.04358696937561035
1447,0.2133,0.042608022689819336
1448,0.2878,0.04283022880554199
1449,0.3120,0.044077157974243164
1450,0.3658,0.043530941009521484
1451,0.4225,0.04460334777832031
1452,0.4610,0.04638314247131348
1453,0.4985,0.04656195640563965
1454,0.5241,0.04578399658203125
1455,0.5438,0.046143293380737305
1456,0.5525,0.04599308967590332
1457,0.5624,0.04651808738708496
1458,0.5723,0.0469970703125
1459,0.5879,0.045616865158081055
1460,0.5943,0.045228004455566406
1461,0.6969,0.04748177528381348
1462,0.6418,0.04395318031311035
1463,0.6443,0.04391217231750488
1464,0.6510,0.04481792449951172
1465,0.6423,0.046835899353027344
1466,0.6248,0.04729175567626953
1467,0.6204,0.046087026596069336
1468,0.6367,0.046064138412475586
1469,0.6367,0.04560112953186035
1470,0.6441,0.046090126037597656
1471,0.6540,0.044999122619628906
1472,0.6558,0.04275989532470703
1473,0.6639,0.04300498962402344
1474,0.6664,0.04486393928527832
1475,0.6662,0.04273819923400879
1476,0.8459,0.043398141860961914
1477,0.6576,0.042777061462402344
1478,0.6418,0.04264378547668457
1479,0.6253,0.043766021728515625
1480,0.6521,0.04446983337402344
1481,0.6290,0.04225301742553711
1482,0.6236,0.04378318786621094
1483,0.6390,0.04235506057739258
1484,0.6625,0.0443568229675293
1485,0.6776,0.046244144439697266
1486,0.6756,0.045742034912109375
1487,0.6720,0.04384112358093262
1488,0.6735,0.04455900192260742
1489,0.6729,0.04355883598327637
1490,0.6764,0.043152809143066406
1491,0.6805,0.04353618621826172
1492,0.7325,0.04287004470825195
1493,0.5809,0.04290914535522461
1494,0.5944,0.04381680488586426
1495,0.5700,0.04219388961791992
1496,0.6372,0.04236006736755371
1497,0.6421,0.0437009334564209
1498,0.6665,0.04551863670349121
1499,0.6746,0.043532609939575195
1500,0.7016,0.04514312744140625
1501,0.7004,0.04465365409851074
1502,0.7060,0.044497013092041016
1503,0.6994,0.04532194137573242
1504,0.6981,0.04437971115112305
1505,0.6962,0.04426312446594238
1506,0.6986,0.0457000732421875
1507,0.7501,0.04334616661071777
1508,0.6736,0.04290008544921875
1509,0.6480,0.04280209541320801
1510,0.5836,0.04472804069519043
1511,0.6383,0.04348492622375488
1512,0.6708,0.044487953186035156
1513,0.6832,0.043601036071777344
1514,0.6818,0.04447197914123535
1515,0.7050,0.04585695266723633
1516,0.7068,0.04691815376281738
1517,0.7084,0.04538393020629883
1518,0.7132,0.04444384574890137
1519,0.7108,0.04454922676086426
1520,0.7118,0.04640793800354004
1521,0.7125,0.04322218894958496
1522,0.7128,0.04417586326599121
1523,0.7340,0.0435032844543457
1524,0.6204,0.043557167053222656
1525,0.6010,0.04305219650268555
1526,0.6032,0.04507303237915039
1527,0.6393,0.045883893966674805
1528,0.6877,0.04341578483581543
1529,0.6704,0.04405403137207031
1530,0.6895,0.04760313034057617
1531,0.6992,0.04625105857849121
1532,0.7003,0.04774022102355957
1533,0.6924,0.04713106155395508
1534,0.6964,0.046192169189453125
1535,0.6939,0.04341292381286621
1536,0.7012,0.04463005065917969
1537,0.7078,0.04440808296203613
1538,0.8857,0.043988943099975586
1539,1.0075,0.043421030044555664
1540,0.8762,0.04289507865905762
1541,0.8532,0.04276084899902344
1542,0.8043,0.04497790336608887
1543,0.6994,0.04378509521484375
1544,0.6737,0.043409109115600586
1545,0.6261,0.04642081260681152
1546,0.6336,0.046341896057128906
1547,0.6330,0.04674410820007324
1548,0.6299,0.04723715782165527
1549,0.6250,0.04731392860412598
1550,0.6194,0.04557228088378906
1551,0.6090,0.04486489295959473
1552,0.6009,0.044233083724975586
1553,0.6023,0.042752742767333984
1554,0.6726,0.04738211631774902
1555,0.7783,0.04381108283996582
1556,0.6640,0.04643893241882324
1557,0.6284,0.04518914222717285
1558,0.5645,0.04454970359802246
1559,0.5527,0.045230865478515625
1560,0.5076,0.04760909080505371
1561,0.5054,0.04844498634338379
1562,0.5007,0.0477290153503418
1563,0.5050,0.04775285720825195
1564,0.4978,0.04601597785949707
1565,0.4869,0.04439997673034668
1566,0.4778,0.045697927474975586
1567,0.4643,0.044753074645996094
1568,0.4622,0.04404187202453613
1569,0.4608,0.04398393630981445
1570,0.5062,0.04335284233093262
1571,0.5280,0.04481005668640137
1572,0.4315,0.04348587989807129
1573,0.4304,0.044525146484375
1574,0.4467,0.0452728271484375
1575,0.4531,0.0459747314453125
1576,0.3735,0.04429316520690918
1577,0.3565,0.04656219482421875
1578,0.3591,0.0456690788269043
1579,0.3462,0.04651594161987305
1580,0.3423,0.045655012130737305
1581,0.3344,0.04441094398498535
1582,0.3307,0.047753334045410156
1583,0.3240,0.04413008689880371
1584,0.3197,0.04517006874084473
1585,0.3156,0.043485164642333984
1586,0.3526,0.04438614845275879
1587,0.3945,0.044499874114990234
1588,0.5319,0.04447293281555176
1589,0.4271,0.0453639030456543
1590,0.3582,0.04445195198059082
1591,0.2825,0.045475006103515625
1592,0.2824,0.04533720016479492
1593,0.2373,0.047651052474975586
1594,0.2407,0.04734015464782715
1595,0.2265,0.04753279685974121
1596,0.2221,0.048545122146606445
1597,0.2177,0.04616403579711914
1598,0.2165,0.045841217041015625
1599,0.2152,0.04675102233886719
1600,0.2104,0.0459439754486084
1601,0.2059,0.04616498947143555
1602,0.1986,0.043634891510009766
1603,0.3981,0.044875144958496094
1604,0.4122,0.044425010681152344
1605,0.2185,0.046854257583618164
1606,0.2482,0.046669960021972656
1607,0.2163,0.04496288299560547
1608,0.1820,0.04526686668395996
1609,0.1447,0.045867919921875
1610,0.1384,0.046689748764038086
1611,0.1582,0.04689478874206543
1612,0.1508,0.04889798164367676
1613,0.1509,0.046688079833984375
1614,0.1536,0.045697927474975586
1615,0.1526,0.04672122001647949
1616,0.1533,0.04532670974731445
1617,0.1530,0.04505181312561035
1618,0.1561,0.04431295394897461
1619,0.1637,0.04467487335205078
1620,0.2539,0.04541182518005371
1621,0.2571,0.04378795623779297
1622,0.2508,0.0461580753326416
1623,0.2343,0.04474592208862305
1624,0.2039,0.04617190361022949
1625,0.1796,0.04552507400512695
1626,0.1589,0.04571390151977539
1627,0.1125,0.04640316963195801
1628,0.1009,0.04480409622192383
1629,0.0990,0.045519113540649414
1630,0.1042,0.04587221145629883
1631,0.0986,0.04428863525390625
1632,0.0997,0.04512166976928711
1633,0.0956,0.04480576515197754
1634,0.0896,0.04419422149658203
1635,0.0934,0.04355597496032715
1636,0.0943,0.04323267936706543
1637,0.1919,0.04383587837219238
1638,0.3750,0.043656110763549805
1639,0.2186,0.04233193397521973
1640,0.1745,0.04400205612182617
1641,0.0947,0.04405498504638672
1642,0.0368,0.04384279251098633
1643,0.0448,0.04419422149658203
1644,0.0544,0.045417070388793945
1645,0.0663,0.046939849853515625
1646,0.0652,0.04514002799987793
1647,0.0658,0.04607892036437988
1648,0.0610,0.04427790641784668
1649,0.0617,0.04632115364074707
1650,0.0541,0.04627084732055664
1651,0.0551,0.046256065368652344
1652,0.0558,0.04525923728942871
1653,0.0551,0.045717716217041016
1654,0.0761,0.04658222198486328
1655,0.0607,0.04514002799987793
1656,0.0515,0.04485034942626953
1657,0.0246,0.0452570915222168
1658,0.0109,0.04565691947937012
1659,0.0062,0.04489326477050781
1660,0.0034,0.0459592342376709
1661,0.0245,0.04613804817199707
1662,0.0112,0.04763007164001465
1663,0.0274,0.04754209518432617
1664,0.0209,0.04708409309387207
1665,0.0165,0.047104835510253906
1666,0.0069,0.04725360870361328
1667,0.0032,0.04746127128601074
1668,0.0032,0.046885013580322266
1669,0.0001,0.046938180923461914
1670,0.0035,0.04695701599121094
1671,0.0026,0.04579901695251465
1672,0.0012,0.044754981994628906
1673,0.0874,0.046685218811035156
1674,0.0485,0.044618844985961914
1675,0.0336,0.04506206512451172
1676,0.0067,0.04853200912475586
1677,0.0189,0.04429125785827637
1678,0.0621,0.04501914978027344
1679,0.0805,0.045387983322143555
1680,0.0464,0.04568004608154297
1681,0.0564,0.0468442440032959
1682,0.0538,0.047100067138671875
1683,0.0609,0.05237579345703125
1684,0.0634,0.05061602592468262
1685,0.0730,0.04873323440551758
1686,0.0769,0.04811525344848633
1687,0.0807,0.045189857482910156
1688,0.0833,0.044168949127197266
1689,0.0901,0.04405093193054199
1690,0.0950,0.043660879135131836
1691,0.2114,0.043435096740722656
1692,0.1576,0.042983055114746094
1693,0.0591,0.0429689884185791
1694,0.1071,0.04483604431152344
1695,0.1236,0.04466891288757324
1696,0.1059,0.04457902908325195
1697,0.1219,0.043951988220214844
1698,0.1560,0.04540276527404785
1699,0.1546,0.04464888572692871
1700,0.1461,0.04598188400268555
1701,0.1511,0.048078060150146484
1702,0.1532,0.04701876640319824
1703,0.1617,0.04441690444946289
1704,0.1663,0.0473630428314209
1705,0.1701,0.04664111137390137
1706,0.1757,0.0460360050201416
1707,0.1758,0.044815778732299805
1708,0.1768,0.04584908485412598
1709,0.1823,0.045361995697021484
1710,0.1328,0.04575514793395996
1711,0.1318,0.045404911041259766
1712,0.2194,0.07681393623352051
1713,0.2817,0.04285740852355957
1714,0.2660,0.043725013732910156
1715,0.2443,0.044243812561035156
1716,0.2721,0.04318809509277344
1717,0.2469,0.04316306114196777
1718,0.2386,0.04233193397521973
1719,0.2394,0.04387688636779785
1720,0.2384,0.043183088302612305
1721,0.2460,0.04549980163574219
1722,0.2523,0.04443478584289551
1723,0.2500,0.04474496841430664
1724,0.2483,0.044284820556640625
1725,0.2543,0.04361891746520996
1726,0.2609,0.04457497596740723
1727,0.2612,0.044905900955200195
1728,0.2784,0.04202389717102051
1729,0.3627,0.04238271713256836
1730,0.4009,0.0430448055267334
1731,0.3070,0.043653011322021484
1732,0.2970,0.04493594169616699
1733,0.2301,0.04321002960205078
1734,0.1731,0.04477691650390625
1735,0.1679,0.04500007629394531
1736,0.2227,0.04485893249511719
1737,0.3194,0.047345876693725586
1738,0.3219,0.04647493362426758
1739,0.3248,0.0463101863861084
1740,0.3178,0.04389595985412598
1741,0.3313,0.046484947204589844
1742,0.3280,0.04420924186706543
1743,0.3385,0.043849945068359375
1744,0.3460,0.044001102447509766
1745,0.3523,0.04340982437133789
1746,0.3590,0.0429539680480957
1747,0.3582,0.042981863021850586
1748,0.4179,0.04351997375488281
1749,0.3440,0.04390978813171387
1750,0.4051,0.04343581199645996
1751,0.4663,0.04502606391906738
1752,0.4310,0.044274091720581055
1753,0.0948,0.045042991638183594
1754,0.1335,0.044384002685546875
1755,0.2376,0.044777870178222656
1756,0.3213,0.04642605781555176
1757,0.3603,0.04866790771484375
1758,0.3765,0.04737710952758789
1759,0.3772,0.04792904853820801
1760,0.3847,0.04730391502380371
1761,0.3846,0.048052072525024414
1762,0.3687,0.04687690734863281
1763,0.3634,0.047187089920043945
1764,0.3668,0.04691505432128906
1765,0.3785,0.04746508598327637
1766,0.3835,0.04524493217468262
1767,0.3829,0.04588723182678223
1768,0.3627,0.04378914833068848
1769,0.1311,0.044580698013305664
1770,0.1755,0.04399609565734863
1771,0.2467,0.04421496391296387
1772,0.2893,0.04470705986022949
1773,0.2576,0.044458866119384766
1774,0.2575,0.043942928314208984
1775,0.3113,0.04692816734313965
1776,0.3445,0.04583001136779785
1777,0.3594,0.04725193977355957
1778,0.3644,0.04721403121948242
1779,0.3512,0.04585123062133789
1780,0.4140,0.04488205909729004
1781,0.3998,0.04664182662963867
1782,0.4087,0.04581594467163086
1783,0.4004,0.0491938591003418
1784,0.3798,0.04647517204284668
1785,0.3916,0.04634881019592285
1786,0.3886,0.04648709297180176
1787,0.3732,0.04432392120361328
1788,0.3767,0.04692721366882324
1789,0.2093,0.047293901443481445
1790,0.2898,0.04758191108703613
1791,0.1488,0.048487186431884766
1792,0.1951,0.046861886978149414
1793,0.2259,0.04771995544433594
1794,0.2849,0.0461728572845459
1795,0.3532,0.04644131660461426
1796,0.3350,0.04511904716491699
1797,0.3523,0.04663705825805664
1798,0.3912,0.045857906341552734
1799,0.3915,0.047055959701538086
1800,0.3920,0.04951882362365723
1801,0.3836,0.048918962478637695
1802,0.3691,0.05012178421020508
1803,0.3567,0.04960918426513672
1804,0.3593,0.04804396629333496
1805,0.3520,0.047844886779785156
1806,0.3448,0.04915189743041992
1807,0.3312,0.05102109909057617
1808,0.3285,0.047154903411865234
1809,0.3303,0.04786205291748047
1810,0.1023,0.04670310020446777
1811,0.1627,0.045526981353759766
1812,0.0571,0.04750704765319824
1813,0.0847,0.048116207122802734
1814,0.1242,0.04644894599914551
1815,0.0140,0.04807901382446289
1816,0.0175,0.04614615440368652
1817,0.0650,0.04703187942504883
1818,0.1190,0.047991037368774414
1819,0.1684,0.04770994186401367
1820,0.2181,0.046488046646118164
1821,0.2437,0.047837018966674805
1822,0.2667,0.04768991470336914
1823,0.2727,0.04722785949707031
1824,0.2662,0.047527313232421875
1825,0.2523,0.048761844635009766
1826,0.2411,0.04683184623718262
1827,0.2292,0.04746818542480469
